{
  "episode_rewards": [
    -27126.892578125,
    -27434.619140625,
    -25399.5234375,
    -25124.03515625,
    -28571.8828125,
    -27540.9453125,
    -27273.095703125,
    -26670.46875,
    -28450.61328125,
    -25185.111328125,
    -29176.615234375,
    -28101.216796875,
    -24703.943359375,
    -26795.41015625,
    -23563.814453125,
    -27981.099609375,
    -23234.94140625,
    -27941.486328125,
    -24077.1953125,
    -24211.7109375,
    -26712.751953125,
    -29405.94140625,
    -24240.6953125,
    -28855.4296875,
    -22114.931640625,
    -28625.091796875,
    -24895.208984375,
    -28831.03515625,
    -23357.0,
    -23715.853515625
  ],
  "episode_lengths": [
    100,
    100,
    100,
    100,
    100,
    100,
    100,
    100,
    100,
    100,
    100,
    100,
    100,
    100,
    100,
    100,
    100,
    100,
    100,
    100,
    100,
    100,
    100,
    100,
    100,
    100,
    100,
    100,
    100,
    100
  ],
  "policy_losses": [
    0.0096703190356493,
    0.01026062946766615,
    0.009739043191075325,
    0.00998238567262888,
    0.01014318224042654,
    0.010373559780418873
  ],
  "value_losses": [
    19819848.0,
    20346942.0,
    22867942.0,
    21481618.0,
    19637792.0,
    22394480.0
  ],
  "kl_divs": [
    27.536291122436523,
    26.258737564086914,
    25.23274040222168,
    23.681961059570312,
    20.358840942382812,
    23.051189422607422
  ],
  "goals_reached": [
    0,
    0,
    0,
    0,
    0,
    0,
    0,
    0,
    0,
    0,
    0,
    0,
    0,
    0,
    0,
    0,
    0,
    0,
    0,
    0,
    0,
    0,
    0,
    0,
    0,
    0,
    0,
    0,
    0,
    0
  ]
}