{
  "episode_rewards": [
    -239.38494152630204,
    -955.3473611661581,
    -114.81078150517583,
    -210.026263692381,
    -185.55125950282232,
    -807.7289512787946,
    -712.6701370214591,
    -363.09125034454183,
    -907.4583348093298,
    -386.6149996878746,
    -226.08230547041686,
    55.53778594748267,
    -194.93044245924267,
    -334.1978699793252,
    -781.6337798938793,
    -158.3994267341742,
    -196.08194858522992,
    -334.88221842195185,
    -1188.2010344007285,
    -225.72924899543256,
    -412.7872296422366,
    -236.23122154219945,
    -203.11846319323882,
    -467.12030574592495,
    -1155.8324291404465,
    90.14572785067931,
    -330.34894337835834,
    -132.61969622508158,
    -211.79054308093518,
    -847.6282058648753
  ],
  "episode_lengths": [
    100.0,
    100.0,
    100.0,
    100.0,
    100.0,
    100.0,
    100.0,
    100.0,
    100.0,
    100.0,
    100.0,
    40.0,
    100.0,
    100.0,
    100.0,
    100.0,
    100.0,
    100.0,
    100.0,
    100.0,
    100.0,
    100.0,
    100.0,
    100.0,
    100.0,
    24.0,
    100.0,
    100.0,
    100.0,
    100.0
  ],
  "goals_reached": [
    0.0,
    0.0,
    0.0,
    0.0,
    0.0,
    0.0,
    0.0,
    0.0,
    0.0,
    0.0,
    0.0,
    1.0,
    0.0,
    0.0,
    0.0,
    0.0,
    0.0,
    0.0,
    0.0,
    0.0,
    0.0,
    0.0,
    0.0,
    0.0,
    0.0,
    1.0,
    0.0,
    0.0,
    0.0,
    0.0
  ],
  "policy_losses": [
    0.08345524966716766,
    0.3460654318332672,
    -0.01380179077386856,
    0.9973124861717224,
    0.010966803878545761,
    0.10539858043193817,
    0.27045655250549316,
    -0.11370769143104553,
    -0.14102748036384583,
    0.18449562788009644,
    0.5096203684806824,
    0.2543579638004303,
    -0.06912537664175034,
    0.2390587031841278,
    0.2250366359949112,
    -0.5603631138801575,
    0.10394599288702011,
    -0.06369347870349884,
    0.14280767738819122,
    -0.8325949907302856,
    0.05992898344993591,
    -0.2728472352027893,
    0.2687649130821228,
    -0.34447306394577026,
    -0.07539942115545273,
    0.0703049972653389,
    0.14694565534591675,
    0.2532687187194824,
    0.037329886108636856,
    -0.24950912594795227,
    0.019521405920386314,
    1.116394281387329,
    0.19659502804279327,
    0.011729180812835693,
    -0.15627053380012512,
    -0.09070103615522385,
    0.08686685562133789,
    -0.15184246003627777,
    0.14315874874591827,
    0.8832381963729858,
    0.15867741405963898,
    0.058984238654375076,
    -0.009398449212312698,
    1.0188380479812622,
    0.23751193284988403,
    0.12313760817050934,
    -0.05008241534233093,
    -0.0329035259783268
  ],
  "value_losses": [
    3767.958740234375,
    3815.027587890625,
    3516.158203125,
    2719.105712890625,
    3430.75732421875,
    3643.93408203125,
    3714.2333984375,
    3154.0009765625,
    3215.654052734375,
    3511.464111328125,
    3730.906982421875,
    3851.796875,
    3096.20263671875,
    3663.48876953125,
    3519.9833984375,
    3379.1240234375,
    1190.5723876953125,
    1068.755859375,
    1140.228759765625,
    659.5054931640625,
    1088.3348388671875,
    1010.888916015625,
    1141.870849609375,
    1058.3939208984375,
    1039.2213134765625,
    978.1177978515625,
    1099.0238037109375,
    1131.229248046875,
    1021.3152465820312,
    956.9887084960938,
    986.6444091796875,
    1405.0787353515625,
    26523.84375,
    23687.052734375,
    20122.482421875,
    18220.70703125,
    25915.544921875,
    19164.974609375,
    23737.0,
    20603.26953125,
    23504.03515625,
    23101.83984375,
    20025.05078125,
    26941.46484375,
    25445.310546875,
    20506.96484375,
    20359.6484375,
    17545.36328125
  ],
  "kl_divs": [
    0.26716119050979614,
    0.2671669125556946,
    0.27010706067085266,
    0.2717008590698242,
    0.2699204087257385,
    0.27081501483917236,
    0.26899269223213196,
    0.25393015146255493,
    0.2693120539188385,
    0.26675349473953247,
    0.268679678440094,
    0.2610473930835724,
    0.2651183307170868,
    0.26772716641426086,
    0.26709863543510437,
    0.28401443362236023,
    0.18264050781726837,
    0.18423153460025787,
    0.18686316907405853,
    0.1884775012731552,
    0.18357543647289276,
    0.1852327585220337,
    0.1851087212562561,
    0.18964949250221252,
    0.18649359047412872,
    0.19014570116996765,
    0.17939235270023346,
    0.18897369503974915,
    0.1874663382768631,
    0.18534572422504425,
    0.1878671646118164,
    0.16614234447479248,
    0.3195212781429291,
    0.31589534878730774,
    0.3181688189506531,
    0.3201528787612915,
    0.3203031122684479,
    0.32433372735977173,
    0.3194594085216522,
    0.30975207686424255,
    0.31679415702819824,
    0.3223107159137726,
    0.3211333155632019,
    0.3467579483985901,
    0.3264042139053345,
    0.3146246075630188,
    0.31596192717552185,
    0.32787027955055237
  ]
}