{
  "episode_rewards": [
    -5258.20703125,
    -7161.5849609375,
    -2402.505859375,
    -2364.591552734375,
    -3895.311279296875,
    -5046.408203125,
    -4931.6806640625,
    -2851.5380859375,
    -3378.670654296875,
    -6282.8583984375,
    -4404.4501953125,
    -2870.41357421875,
    -6013.025390625,
    -4783.47802734375,
    -2722.5478515625,
    -3103.94970703125,
    -6794.205078125,
    -2145.228759765625,
    -2630.7646484375,
    -4626.2880859375,
    -2792.491455078125,
    -7023.73193359375,
    -7294.4521484375,
    -6989.71484375,
    -4653.55224609375,
    -3003.71728515625,
    -2199.3095703125,
    -2963.18505859375,
    -1633.864501953125,
    -5113.91064453125,
    -2879.885986328125,
    -5065.3916015625,
    -5742.2265625,
    -5655.65869140625,
    -7269.896484375,
    -7776.38525390625,
    -5817.9775390625,
    -2824.588623046875,
    -3788.110107421875,
    -5315.17431640625,
    -2796.6455078125,
    -6826.671875,
    -2342.3359375,
    -4757.6005859375,
    -4189.0390625,
    -1767.265869140625,
    14.975973129272461,
    -4673.00537109375,
    -4898.91015625,
    -2727.073974609375
  ],
  "episode_lengths": [
    100.0,
    100.0,
    100.0,
    100.0,
    100.0,
    100.0,
    100.0,
    100.0,
    100.0,
    100.0,
    100.0,
    100.0,
    100.0,
    100.0,
    100.0,
    100.0,
    100.0,
    100.0,
    100.0,
    100.0,
    100.0,
    100.0,
    100.0,
    100.0,
    100.0,
    100.0,
    100.0,
    100.0,
    100.0,
    100.0,
    100.0,
    100.0,
    100.0,
    100.0,
    100.0,
    100.0,
    100.0,
    100.0,
    100.0,
    100.0,
    100.0,
    100.0,
    100.0,
    100.0,
    100.0,
    100.0,
    2.0,
    100.0,
    100.0,
    100.0
  ],
  "policy_losses": [
    0.010001247748732567,
    0.009887432679533958,
    0.009775739163160324,
    0.010381919331848621,
    0.010000530630350113
  ],
  "value_losses": [
    703883.25,
    461240.875,
    174231.875,
    185798.859375,
    167797.484375
  ],
  "goals_reached": [
    0,
    0,
    0,
    0,
    0,
    0,
    0,
    0,
    0,
    0,
    0,
    0,
    0,
    0,
    0,
    0,
    0,
    0,
    0,
    0,
    0,
    0,
    0,
    0,
    0,
    0,
    0,
    0,
    0,
    0,
    0,
    0,
    0,
    0,
    0,
    0,
    0,
    0,
    0,
    0,
    0,
    0,
    0,
    0,
    0,
    0,
    1,
    0,
    0,
    0
  ]
}